{"cameraMode":{"drawMode":0,"name":"Shaded","section":"Shading Mode"},"sceneLighting":true,"audioPlay":false,"sceneViewState":{"m_AlwaysRefresh":false,"showFog":true,"showSkybox":true,"showFlares":true,"showImageEffects":true,"showParticleSystems":true,"showVisualEffectGraphs":true,"m_FxEnabled":true},"in2DMode":false,"pivot":{"x":37.27980041503906,"y":18.554462432861329,"z":16.073604583740236},"rotation":{"x":0.028626823797822,"y":0.9612205028533936,"z":-0.25160330533981326,"w":0.10937489569187164},"size":1.7372807264328004,"orthographic":false}