{"cameraMode":{"drawMode":0,"name":"Shaded","section":"Shading Mode"},"sceneLighting":true,"audioPlay":false,"sceneViewState":{"m_AlwaysRefresh":false,"showFog":true,"showSkybox":true,"showFlares":true,"showImageEffects":true,"showParticleSystems":true,"showVisualEffectGraphs":true,"m_FxEnabled":true},"in2DMode":false,"pivot":{"x":40.167850494384769,"y":18.720937728881837,"z":17.397247314453126},"rotation":{"x":-0.13658805191516877,"y":-0.6797031164169312,"z":0.13102565705776215,"w":-0.7087224721908569},"size":5.132908344268799,"orthographic":false}